{
    "avg_prec": 0.4799680373318693,
    "roc_auc": 0.9409779593300795
}